Workbook

Sheet Morning Data
A1: Morning Peak Hour Traffic Volume — IIT (ISM) Main Gate (8:00–9:00 AM, Day 1)
A3: Time Interval | B3: Two-Wheeler | C3: Car | D3: Auto | E3: Bus | F3: Truck | G3: Total
A4: 8:00 – 8:15 AM | B4: 96 | C4: 34 | D4: 19 | E4: 3 | F4: 11 | G4: =SUM(B4:F4) -> 163
A5: 8:15 – 8:30 AM | B5: 101 | C5: 41 | D5: 22 | E5: 2 | F5: 13 | G5: =SUM(B5:F5) -> 179
A6: 8:30 – 8:45 AM | B6: 112 | C6: 38 | D6: 20 | E6: 4 | F6: 10 | G6: =SUM(B6:F6) -> 184
A7: 8:45 – 9:00 AM | B7: 107 | C7: 36 | D7: 18 | E7: 3 | F7: 12 | G7: =SUM(B7:F7) -> 176
A8: Total | B8: =SUM(B4:B7) -> 416 | C8: =SUM(C4:C7) -> 149 | D8: =SUM(D4:D7) -> 79 | E8: =SUM(E4:E7) -> 12 | F8: =SUM(F4:F7) -> 46 | G8: =SUM(G4:G7) -> 702

Sheet Evening Data
A1: Evening Peak Hour Traffic Volume — IIT (ISM) Main Gate (5:00–6:00 PM, Day 2)
A3: Time Interval | B3: Two-Wheeler | C3: Car | D3: Auto | E3: Bus | F3: Truck | G3: Total
A4: 5:00 – 5:15 PM | B4: 89 | C4: 31 | D4: 17 | E4: 4 | F4: 9 | G4: =SUM(B4:F4) -> 150
A5: 5:15 – 5:30 PM | B5: 98 | C5: 35 | D5: 21 | E5: 3 | F5: 12 | G5: =SUM(B5:F5) -> 169
A6: 5:30 – 5:45 PM | B6: 121 | C6: 40 | D6: 24 | E6: 5 | F6: 13 | G6: =SUM(B6:F6) -> 203
A7: 5:45 – 6:00 PM | B7: 104 | C7: 37 | D7: 19 | E7: 2 | F7: 11 | G7: =SUM(B7:F7) -> 173
A8: Total | B8: =SUM(B4:B7) -> 412 | C8: =SUM(C4:C7) -> 143 | D8: =SUM(D4:D7) -> 81 | E8: =SUM(E4:E7) -> 14 | F8: =SUM(F4:F7) -> 45 | G8: =SUM(G4:G7) -> 695

Sheet Analysis
A1: Traffic Composition & Peak Analysis — IIT (ISM) Main Gate
A3: Vehicle Type | B3: Morning Count (veh/hr) | C3: Evening Count (veh/hr) | D3: Morning % | E3: Evening %
A4: Two-Wheeler | B4: ='Morning Data'!B8 -> 416 | C4: ='Evening Data'!B8 -> 412 | D4: =B4/'Morning Data'!$G$8 -> 0.59259259 | E4: =C4/'Evening Data'!$G$8 -> 0.59280576
A5: Car | B5: ='Morning Data'!C8 -> 149 | C5: ='Evening Data'!C8 -> 143 | D5: =B5/'Morning Data'!$G$8 -> 0.21225071 | E5: =C5/'Evening Data'!$G$8 -> 0.2057554
A6: Auto | B6: ='Morning Data'!D8 -> 79 | C6: ='Evening Data'!D8 -> 81 | D6: =B6/'Morning Data'!$G$8 -> 0.11253561 | E6: =C6/'Evening Data'!$G$8 -> 0.11654676
A7: Bus | B7: ='Morning Data'!E8 -> 12 | C7: ='Evening Data'!E8 -> 14 | D7: =B7/'Morning Data'!$G$8 -> 0.017094017 | E7: =C7/'Evening Data'!$G$8 -> 0.020143885
A8: Truck | B8: ='Morning Data'!F8 -> 46 | C8: ='Evening Data'!F8 -> 45 | D8: =B8/'Morning Data'!$G$8 -> 0.065527066 | E8: =C8/'Evening Data'!$G$8 -> 0.064748201
A9: Total | B9: =SUM(B4:B8) -> 702 | C9: =SUM(C4:C8) -> 695 | D9: =SUM(D4:D8) -> 1 | E9: =SUM(E4:E8) -> 1
A12: Peak 15-Minute Interval Summary
A13: Busiest Interval (Morning) | B13: =INDEX('Morning Data'!A4:A7,MATCH(MAX('Morning Data'!G4:G7),'Morning Data'!G4:G7,0)) -> 8:30 – 8:45 AM
A14: Peak Volume (veh/15min) | B14: =MAX('Morning Data'!G4:G7) -> 184
A15: Equivalent Hourly Rate | B15: =B14*4 -> 736
